{"cameraMode":{"drawMode":0,"name":"Shaded","section":"Shading Mode"},"sceneLighting":false,"audioPlay":false,"sceneViewState":{"showFog":true,"showMaterialUpdate":false,"showSkybox":false,"showFlares":true,"showImageEffects":true,"showParticleSystems":true},"in2DMode":false,"pivot":{"x":0.6195199489593506,"y":3.369999885559082,"z":0.0},"rotation":{"x":0.03299368917942047,"y":-0.004497332498431206,"z":0.00014847090642433614,"w":0.9994456171989441},"size":0.8660253882408142,"orthographic":false}