{"cameraMode":{"drawMode":0,"name":"Shaded","section":"Shading Mode"},"sceneLighting":true,"audioPlay":false,"sceneViewState":{"showFog":true,"showMaterialUpdate":false,"showSkybox":true,"showFlares":true,"showImageEffects":true,"showParticleSystems":true},"in2DMode":false,"pivot":{"x":-4.417246341705322,"y":2.6466898918151857,"z":-7.560529708862305},"rotation":{"x":0.03299368917942047,"y":-0.004497332498431206,"z":0.00014847090642433614,"w":0.9994456171989441},"size":4.919488430023193,"orthographic":false}